uni_id,name,email
1324423,Therine Kigelman,tkigelman0@cdbaby.com
1125517,Somerset Summons,ssummons1@so-net.ne.jp
1843072,Keriann Sancias,ksancias2@yolasite.com
1796730,Casi Redd,credd3@github.io
1528204,Alina Spurdle,aspurdle4@tumblr.com
1353814,April Binyon,abinyon5@geocities.com
1858731,Francyne Halfacre,fhalfacre6@dailymail.co.uk
1706734,Gabey McPike,gmcpike7@usda.gov
1044586,Gwenore Depke,gdepke8@360.cn
1031289,Denni Peer,dpeer9@ask.com
1352400,Blythe Sells,bsellsa@example.com
1614739,Kellina Bream,kbreamb@google.co.jp
1666295,Carree Spore,csporec@jugem.jp
1211622,Kerstin Currao,kcurraod@msn.com
1390768,Noreen Wingatt,nwingatte@last.fm
1963953,Kelly Stodart,kstodartf@narod.ru
1654283,Amalita Fehners,afehnersg@deviantart.com
1638984,Herrick Cressor,hcressorh@umich.edu
1172035,Nora Beresford,nberesfordi@si.edu
1006830,Gabbi Trench,gtrenchj@ovh.net
1502979,Alick Kepp,akeppk@livejournal.com
1330945,Brigitta Maffulli,bmaffullil@noaa.gov
1548722,Barri Curtayne,bcurtaynem@marriott.com
1917846,Ginger Eastham,geasthamn@disqus.com
1366632,Sauveur Gurnett,sgurnetto@howstuffworks.com
1891293,Ethan Flippelli,eflippellip@pcworld.com
1037916,Karissa Niland,knilandq@tinypic.com
1043637,Andromache Gigg,agiggr@google.co.jp
1205997,Peyton Oxtoby,poxtobys@purevolume.com
1463272,Flem Rosell,frosellt@usnews.com
1996434,Brocky Bettley,bbettleyu@slashdot.org
1557292,Henrietta Yair,hyairv@mapy.cz
1358492,Arch Pernell,apernellw@delicious.com
1242543,Brandea Drissell,bdrissellx@fda.gov
1942477,Arline Commander,acommandery@scribd.com
1002154,Violette Challender,vchallenderz@un.org
1530369,Wolfie Tankus,wtankus10@dion.ne.jp
1008469,Ashlee Yokelman,ayokelman11@earthlink.net
1778985,Dietrich Urvoy,durvoy12@nih.gov
1349603,Tersina Sappell,tsappell13@list-manage.com
1885281,Alexei Gateley,agateley14@seesaa.net
1314458,Ode Lillgard,olillgard15@themeforest.net
1908783,Tabby Cromleholme,tcromleholme16@eventbrite.com
1790904,Winnah Popplestone,wpopplestone17@globo.com
1408872,Madeleine Jerdein,mjerdein18@fotki.com
1030764,Fayina Rountree,frountree19@indiatimes.com
1985148,Patty Pumphrey,ppumphrey1a@stanford.edu
1054474,Frederik Tidbury,ftidbury1b@ucoz.ru
1011818,Elayne Quadrio,equadrio1c@imdb.com
1645515,Laurent Ferby,lferby1d@unicef.org
1327422,Bel Tapsfield,btapsfield1e@vimeo.com
1613478,Carena Uzielli,cuzielli1f@umn.edu
1790839,Lyn Kilbride,lkilbride1g@cyberchimps.com
1349684,Trumann Preon,tpreon1h@edublogs.org
1937444,Harv Caulket,hcaulket1i@ibm.com
1786092,Cull Havvock,chavvock1j@clickbank.net
1226603,Percival Flindall,pflindall1k@i2i.jp
1918853,Guy Wrey,gwrey1l@barnesandnoble.com
1056603,Tally Fidelus,tfidelus1m@yellowbook.com
1809396,Tiffie Deacock,tdeacock1n@hhs.gov
1741720,Eryn Robberts,erobberts1o@networksolutions.com
1412812,Carlie Gerg,cgerg1p@homestead.com
1902296,Lane Bearcroft,lbearcroft1q@constantcontact.com
1577963,Geralda Stelle,gstelle1r@w3.org
1480359,Deonne Goadby,dgoadby1s@indiegogo.com
1593501,Emera Stainbridge,estainbridge1t@jugem.jp
1570489,Kaja Helix,khelix1u@tripod.com
1791330,Efren Slyman,eslyman1v@discuz.net
1542148,Ritchie Emptage,remptage1w@adobe.com
1859728,Guillema Leachman,gleachman1x@usa.gov
1107117,Zabrina Scarce,zscarce1y@cnn.com
1357597,Obadias Scupham,oscupham1z@bing.com
1866806,Brock Swithenby,bswithenby20@ebay.co.uk
1406025,Jennie Jorge,jjorge21@thetimes.co.uk
1905226,Quinta Reilingen,qreilingen22@skyrock.com
1795741,Dwight Moffet,dmoffet23@imgur.com
1776367,Abraham Avramow,aavramow24@mysql.com
1524225,Miof mela Goldstone,mmela25@upenn.edu
1801685,Carie Apfler,capfler26@nba.com
1235968,Correy Robet,crobet27@odnoklassniki.ru
1708140,Benoit Spieght,bspieght28@sciencedaily.com
1335909,Martina Blunsen,mblunsen29@360.cn
1580459,Bert Autie,bautie2a@hhs.gov
1491851,Vin Goligher,vgoligher2b@addthis.com
1663285,Arlene Belt,abelt2c@msn.com
1805126,Fredelia Dalston,fdalston2d@washington.edu
1858985,Noll Adamec,nadamec2e@google.es
1003173,Errick Burlingame,eburlingame2f@wisc.edu
1748099,Bethena Revans,brevans2g@ehow.com
1862269,Sharline Andrasch,sandrasch2h@geocities.com
1540956,Rosalinda Tolomei,rtolomei2i@bloglovin.com
1352797,Valida Ferreo,vferreo2j@nbcnews.com
1592063,Tamera Verman,tverman2k@blogs.com
1795204,Bevan Jansa,bjansa2l@bloglovin.com
1241627,Lenka Startin,lstartin2m@businessinsider.com
1104012,Alexandra Bredbury,abredbury2n@dell.com
1863277,Maure Cobleigh,mcobleigh2o@merriam-webster.com
1006636,Ignace MacMaykin,imacmaykin2p@time.com
1573736,Constancy Doret,cdoret2q@psu.edu
1172155,Giacomo Pond-Jones,gpondjones2r@seesaa.net
1661043,Marcelle Linder,mlinder2s@bloglovin.com
1841498,Kaylyn O'Mullaney,komullaney2t@gmpg.org
1616082,Gerick Dust,gdust2u@about.com
1141540,Krisha Kelloch,kkelloch2v@gov.uk
1331903,Ebonee Morehall,emorehall2w@wsj.com
1922701,Edith Edgson,eedgson2x@ox.ac.uk
1692556,Halley Hadwin,hhadwin2y@cnbc.com
1613944,Fern Gianasi,fgianasi2z@51.la
1156148,Mildrid holmes,mholmes30@admin.ch
1119180,Ronica Verey,rverey31@cnbc.com
1307715,Whitaker Charlick,wcharlick32@comsenz.com
1743878,Julieta Dandison,jdandison33@livejournal.com
1043500,Kathryne Bridewell,kbridewell34@mac.com
1882176,Dora Pococke,dpococke35@friendfeed.com
1496156,Michail Andrzejewski,mandrzejewski36@mayoclinic.com
1382480,Forster Dartnell,fdartnell37@rakuten.co.jp
1308741,Colman Bony,cbony38@hostgator.com
1539116,Barbee Brookwell,bbrookwell39@youku.com
1161898,Kial Sidwell,ksidwell3a@cmu.edu
1700969,Roddy Matcham,rmatcham3b@naver.com
1251845,Flory Heathcott,fheathcott3c@patch.com
1541229,Nicoline Terrell,nterrell3d@wunderground.com
1195417,Benton Rexworthy,brexworthy3e@ehow.com
1453870,Adoree Busson,abusson3f@posterous.com
1039725,Peggy Nerger,pnerger3g@mysql.com
1485774,Raffarty Ivanikhin,rivanikhin3h@howstuffworks.com
1529908,Johannah Meffan,jmeffan3i@bloglovin.com
1362204,Aurora Gaymer,agaymer3j@noaa.gov
1049338,Adolph Godain,agodain3k@mtv.com
1401875,Hillel Aslen,haslen3l@barnesandnoble.com
1355414,Daffy Harburtson,dharburtson3m@go.com
1914250,Richy Meier,rmeier3n@shareasale.com
1595216,Loreen Esland,lesland3o@360.cn
1255247,Wright Stolberg,wstolberg3p@ibm.com
1555785,Geoff Ivel,givel3q@flavors.me
1109725,Andrea Stoney,astoney3r@miibeian.gov.cn
1335136,Ginger Verbrugge,gverbrugge3s@java.com
1193597,Ollie Stork,ostork3t@nymag.com
1243864,Fayre Elloit,felloit3u@tmall.com
1390561,Jacklin Ormiston,jormiston3v@over-blog.com
1482879,Ealasaid Gilli,egilli3w@w3.org
1809818,Arlina Combe,acombe3x@squidoo.com
1902024,Barbara-anne Heaker,bheaker3y@narod.ru
1861673,Dollie Caves,dcaves3z@who.int
1661500,Rolph Albin,ralbin40@ihg.com
1992106,Rafaelita Riccardelli,rriccardelli41@yelp.com
1531510,Fredelia Perrycost,fperrycost42@wikimedia.org
1821469,Hermie Ellaman,hellaman43@yellowbook.com
1208314,Jane Brabon,jbrabon44@pbs.org
1732905,Kerr Mustill,kmustill45@cnn.com
1210523,Orel Spreag,ospreag46@npr.org
1917425,Wilhelmine Speedy,wspeedy47@amazon.co.uk
1054365,Tonia Rabbitts,trabbitts48@goo.ne.jp
1742364,Kandy Glaysher,kglaysher49@taobao.com
1039352,Denyse Jerdon,djerdon4a@nbcnews.com
1317668,Tracy Verbeke,tverbeke4b@ovh.net
1344471,Berni Coupar,bcoupar4c@reddit.com
1076794,Merissa Tydeman,mtydeman4d@arstechnica.com
1802031,Marti Rief,mrief4e@live.com
1413025,Cordy McMurdo,cmcmurdo4f@joomla.org
1258982,Adamo Bligh,abligh4g@deviantart.com
1593933,Ella Bris,ebris4h@sourceforge.net
1593466,Madelena Mapam,mmapam4i@friendfeed.com
1027594,Kamillah Dalgety,kdalgety4j@goo.gl
1737654,Norine Betancourt,nbetancourt4k@nationalgeographic.com
1147719,Melosa Ackland,mackland4l@apache.org
1506950,Meagan Moubray,mmoubray4m@last.fm
1536016,Weidar Cranstoun,wcranstoun4n@goo.gl
1941527,Rubia McWhinnie,rmcwhinnie4o@deviantart.com
1584603,Shanie Noyce,snoyce4p@cafepress.com
1297825,Cale Navarijo,cnavarijo4q@edublogs.org
1302734,Belicia Athy,bathy4r@eepurl.com
1155753,Renaud Tommasuzzi,rtommasuzzi4s@51.la
1452333,Carolin Facchini,cfacchini4t@theguardian.com
1031556,Krystle Roffe,kroffe4u@census.gov
1869434,Vivienne Alston,valston4v@amazon.co.jp
1041781,Wilfrid Fortnon,wfortnon4w@over-blog.com
1004462,Tracey Moukes,tmoukes4x@nationalgeographic.com
1828212,Roley Aldwich,raldwich4y@harvard.edu
1498047,Abbe Phin,aphin4z@marketwatch.com
1161157,Molli Bransdon,mbransdon50@springer.com
1043423,Torrin Plastow,tplastow51@cdbaby.com
1988208,Jarid Haggar,jhaggar52@slate.com
1040666,Gwenny Ambrosoli,gambrosoli53@china.com.cn
1446959,Konstantine Foggarty,kfoggarty54@shareasale.com
1938043,Gnni Voak,gvoak55@ft.com
1962497,Wernher Brookes,wbrookes56@timesonline.co.uk
1420347,Gardener Childes,gchildes57@illinois.edu
1135011,Rolland Cracknell,rcracknell58@studiopress.com
1698438,Alana Crissil,acrissil59@slate.com
1755728,Quincy Crigin,qcrigin5a@twitpic.com
1320391,Ganny Sellick,gsellick5b@sfgate.com
1526597,Ranice Kynvin,rkynvin5c@bloglines.com
1421213,Nariko Huelin,nhuelin5d@vkontakte.ru
1645557,Myles Conwell,mconwell5e@uol.com.br
1667201,Sally Catterson,scatterson5f@webeden.co.uk
1171227,Teresa Desaur,tdesaur5g@163.com
1908456,Caron Ready,cready5h@google.com
1498599,Donnie Straine,dstraine5i@microsoft.com
1877151,Ezekiel Lavis,elavis5j@yelp.com
1167618,Merridie Wolfindale,mwolfindale5k@hp.com
1259957,Chicky Boobyer,cboobyer5l@ocn.ne.jp
1768865,Cyndy Kocher,ckocher5m@scribd.com
1775645,Fulvia Newlin,fnewlin5n@so-net.ne.jp
1746445,Vinni Ganter,vganter5o@cnbc.com
1989084,Bab Mabbs,bmabbs5p@globo.com
1184023,Alphonse Shingler,ashingler5q@youku.com
1613140,Heinrick Kohrsen,hkohrsen5r@noaa.gov
1695902,Jeannette Breinlein,jbreinlein5s@icq.com
1815156,Amara Hegerty,ahegerty5t@timesonline.co.uk
1308596,Loella Gather,lgather5u@mashable.com
1239334,Ogdan Pieroni,opieroni5v@mediafire.com
1509351,Haskell Cammell,hcammell5w@flavors.me
1198729,Wash Chaize,wchaize5x@guardian.co.uk
1971538,Meredith Dunabie,mdunabie5y@accuweather.com
1795221,Shelley Polden,spolden5z@europa.eu
1412579,Melli Pitcher,mpitcher60@trellian.com
1707848,Marilin Carlesso,mcarlesso61@youtube.com
1089182,Cesya Joye,cjoye62@blog.com
1273974,Herold Stockle,hstockle63@goo.gl
1800336,Harlin Martusov,hmartusov64@mozilla.org
1077352,Amity Rollings,arollings65@skype.com
1312288,Debera Pennycook,dpennycook66@wufoo.com
1097173,Gwenni Jillis,gjillis67@cmu.edu
1318993,Sumner Polon,spolon68@paypal.com
1421123,Danny Mantripp,dmantripp69@list-manage.com
1660639,Lita Brash,lbrash6a@pcworld.com
1905069,Cam Dabnor,cdabnor6b@webnode.com
1328998,Juliane Malarkey,jmalarkey6c@exblog.jp
1195363,Israel Gowling,igowling6d@amazon.co.uk
1782977,Georgie Points,gpoints6e@nymag.com
1297891,Elnora Swinfen,eswinfen6f@sphinn.com
1512818,Delphinia Soden,dsoden6g@skype.com
1733966,Ivory Hutchinges,ihutchinges6h@angelfire.com
1586999,Julian MacAndreis,jmacandreis6i@squidoo.com
1988379,Brockie Macey,bmacey6j@mapy.cz
1252430,Mordecai Vanderson,mvanderson6k@mapy.cz
1965549,Jdavie Hawler,jhawler6l@mayoclinic.com
1294520,Dora MacCracken,dmaccracken6m@mapy.cz
1036072,Eulalie Karpushkin,ekarpushkin6n@google.co.jp
1016066,Ann Cogman,acogman6o@indiegogo.com
1168836,Ferdie Wabb,fwabb6p@linkedin.com
1844006,Marcellus Rosingdall,mrosingdall6q@sbwire.com
1339175,Cleveland Guilloneau,cguilloneau6r@guardian.co.uk
1857213,Bo Ingerith,bingerith6s@engadget.com
1507182,Carolin Barles,cbarles6t@infoseek.co.jp
1771477,Penny Drage,pdrage6u@tinyurl.com
1595619,Candy MacMychem,cmacmychem6v@blog.com
1112457,Brenn Snashall,bsnashall6w@businesswire.com
1742757,Perl Meegan,pmeegan6x@symantec.com
1424544,Clarie Velez,cvelez6y@jigsy.com
1958063,Niki Cruttenden,ncruttenden6z@adobe.com
1473371,Clarissa Giacovelli,cgiacovelli70@symantec.com
1274756,Woodman Beckhouse,wbeckhouse71@quantcast.com
1842377,Johny Pithie,jpithie72@phpbb.com
1075526,Kathlin Braidman,kbraidman73@miibeian.gov.cn
1803072,Basile Thrift,bthrift74@furl.net
1479555,Coriss Hargess,chargess75@liveinternet.ru
1443122,Blaine Wildber,bwildber76@theatlantic.com
1272233,Queenie Stitson,qstitson77@cocolog-nifty.com
1464396,Hewett Netherwood,hnetherwood78@pcworld.com
1761428,Gustave Marchenko,gmarchenko79@latimes.com
1307806,Wenda Arnley,warnley7a@yolasite.com
1454053,Marilee Baynham,mbaynham7b@squarespace.com
1994871,Malory Bischoff,mbischoff7c@elegantthemes.com
1715997,Nickolas Vaggers,nvaggers7d@ihg.com
1468974,Sissy Nunnery,snunnery7e@mozilla.com
1303785,Teirtza Farrar,tfarrar7f@weibo.com
1232148,Ebenezer Hackey,ehackey7g@woothemes.com
1232984,Merrili Schimek,mschimek7h@aboutads.info
1807910,Maxie Mayberry,mmayberry7i@wikimedia.org
1409940,Rafferty Thickens,rthickens7j@nyu.edu
1901967,Thorstein Sifflett,tsifflett7k@narod.ru
1799525,Shay Edy,sedy7l@furl.net
1701197,Giacopo Crank,gcrank7m@gravatar.com
1281418,Audry Gamwell,agamwell7n@reddit.com
1184299,Sybil Dewire,sdewire7o@apache.org
1622650,Goraud Ashfull,gashfull7p@soundcloud.com
1376107,Barbe Congram,bcongram7q@geocities.jp
1074201,Lyndsay Chesshire,lchesshire7r@privacy.gov.au
1843212,Nikolai McGougan,nmcgougan7s@upenn.edu
1065921,Paddie Arntzen,parntzen7t@ow.ly
1820996,Maryl Bennetto,mbennetto7u@zimbio.com
1540200,Yolanthe Maccrae,ymaccrae7v@so-net.ne.jp
1337672,Merci Gerbel,mgerbel7w@behance.net
1944218,Leroi Markie,lmarkie7x@meetup.com
1425900,Shawn Matoshin,smatoshin7y@marriott.com
1713788,Pauletta Tackell,ptackell7z@cloudflare.com
1835440,Murry Keely,mkeely80@lycos.com
1435458,Aura Vanyukhin,avanyukhin81@domainmarket.com
1444060,Ellissa Francello,efrancello82@networkadvertising.org
1355540,Barret Slot,bslot83@vistaprint.com
1650511,Base Atterley,batterley84@ehow.com
1646747,Miner Ashbe,mashbe85@smh.com.au
1776788,Hally Jiggen,hjiggen86@gnu.org
1813718,Christabel Karsh,ckarsh87@samsung.com
1919282,Gerrilee Ruffey,gruffey88@ocn.ne.jp
1576398,Christi Sitlington,csitlington89@technorati.com
1670679,Chicky Godby,cgodby8a@rakuten.co.jp
1220033,Ambrose Fitkin,afitkin8b@ed.gov
1360607,Dorelle Bassingden,dbassingden8c@go.com
1256802,Ruthanne Sibary,rsibary8d@usa.gov
1955184,Benedetto Whaplington,bwhaplington8e@symantec.com
1823592,Shadow Krale,skrale8f@wordpress.com
1003930,Aylmer Pierrepont,apierrepont8g@chronoengine.com
1963416,Loreen Leist,lleist8h@storify.com
1499666,Peggi Sparwell,psparwell8i@europa.eu
1406894,Shandeigh Harmar,sharmar8j@jalbum.net
1164575,Hyman Carnaman,hcarnaman8k@usda.gov
1685293,Hale Grishaev,hgrishaev8l@slideshare.net
1978778,Ware Bent,wbent8m@mapy.cz
1129052,Stacee Menary,smenary8n@jalbum.net
1522119,Sonny Bridgwater,sbridgwater8o@discovery.com
1453743,Georgeanne Kuna,gkuna8p@deviantart.com
1719962,Town Seeviour,tseeviour8q@wsj.com
1836547,Tedie Bolsteridge,tbolsteridge8r@dmoz.org
1667348,Sonnie Tackley,stackley8s@prnewswire.com
1256902,Haydon Hogben,hhogben8t@engadget.com
1944807,Shanda Paule,spaule8u@bbb.org
1324722,Florella Esparza,fesparza8v@dmoz.org
1574411,Madel O'Keeffe,mokeeffe8w@salon.com
1639942,Clemmy Armes,carmes8x@imdb.com
1522979,Margarethe Sterman,msterman8y@aol.com
1107423,Annie Iohananof,aiohananof8z@mapquest.com
1975322,Walt Batch,wbatch90@mit.edu
1915011,Griz Youster,gyouster91@github.io
1163339,Nikos McGown,nmcgown92@usa.gov
1729879,Gilberte Clute,gclute93@usnews.com
1790551,See Heliar,sheliar94@seesaa.net
1813317,Mack Goolding,mgoolding95@hao123.com
1066134,Gav Miko,gmiko96@umich.edu
1141851,Abbie Sails,asails97@sina.com.cn
1876774,Gabby Cantle,gcantle98@purevolume.com
1003062,Bettine Wasbey,bwasbey99@cmu.edu
1502164,Tiffany Grubb,tgrubb9a@guardian.co.uk
1345586,Alena Videan,avidean9b@tripadvisor.com
1789190,Rurik Monelle,rmonelle9c@addtoany.com
1844929,Pauletta Halse,phalse9d@foxnews.com
1300309,Hatti Drillingcourt,hdrillingcourt9e@tinyurl.com
1365561,Sukey Franzolini,sfranzolini9f@i2i.jp
1758257,Rozella Giffin,rgiffin9g@friendfeed.com
1479278,Inness Macura,imacura9h@plala.or.jp
1239172,Gwenora Cadding,gcadding9i@eepurl.com
1620639,Salvatore Bunton,sbunton9j@aboutads.info
1562200,Levey Aim,laim9k@dot.gov
1488628,Tucky Laurance,tlaurance9l@prlog.org
1542417,Welsh Callendar,wcallendar9m@exblog.jp
1166372,Fey Dzeniskevich,fdzeniskevich9n@aboutads.info
1122226,Glory Duling,gduling9o@microsoft.com
1893621,Langston Gabits,lgabits9p@lulu.com
1230553,Olivia Revely,orevely9q@auda.org.au
1632933,Scott Watling,swatling9r@latimes.com
1901460,Laure Harmant,lharmant9s@engadget.com
1645733,Roarke Brusle,rbrusle9t@goo.gl
1012974,Penni Woodland,pwoodland9u@xrea.com
1637894,Rhodia Klisch,rklisch9v@4shared.com
1504963,Conroy Tooker,ctooker9w@privacy.gov.au
1926325,Mateo Paxforde,mpaxforde9x@toplist.cz
1014458,Tomas Christopher,tchristopher9y@icq.com
1490075,Mari Van den Velden,mvan9z@ow.ly
1358645,Steven Greenall,sgreenalla0@bigcartel.com
1933865,Rhys Carnduff,rcarnduffa1@biblegateway.com
1402007,Nicolai d'Arcy,ndarcya2@addtoany.com
1333658,Maryrose Chesterton,mchestertona3@goo.ne.jp
1162565,Emma Sauvan,esauvana4@cnn.com
1827219,Meredith Goadbie,mgoadbiea5@usgs.gov
1771534,Micheal Godrich,mgodricha6@friendfeed.com
1801381,Padriac Leavry,pleavrya7@ovh.net
1661786,Saraann Haws,shawsa8@omniture.com
1411240,Gunilla Burdekin,gburdekina9@mashable.com
1318251,Sosanna Spaldin,sspaldinaa@tripod.com
1256053,Lenette Gobel,lgobelab@xing.com
1042334,Correna Antonov,cantonovac@hhs.gov
1841387,Wilie Elmore,welmoread@newyorker.com
1585430,Welsh Yearne,wyearneae@t.co
1744446,Kissiah Batting,kbattingaf@amazon.co.jp
1115925,Jolynn Garrie,jgarrieag@theguardian.com
1887019,Kendricks Clohessy,kclohessyah@time.com
1979424,Willie Gilogly,wgiloglyai@flavors.me
1748228,Dannye Gooderham,dgooderhamaj@hugedomains.com
1509231,Arvy Januszkiewicz,ajanuszkiewiczak@time.com
1878237,Gustaf Wrotchford,gwrotchfordal@prnewswire.com
1147696,Mic Paraman,mparamanam@hibu.com
1003206,Richy Gianelli,rgianellian@merriam-webster.com
1389200,Gisela Dugood,gdugoodao@microsoft.com
1461785,Zachery Van Haeften,zvanap@latimes.com
1267370,Caty Macguire,cmacguireaq@flavors.me
1008178,Sheela Amar,samarar@google.nl
1857600,Lira O'Day,lodayas@feedburner.com
1672528,Issie Flode,iflodeat@istockphoto.com
1940743,Margeaux Balcers,mbalcersau@examiner.com
1299979,Peria Ebbens,pebbensav@meetup.com
1181387,Arman Clem,aclemaw@trellian.com
1827242,Axel Rustidge,arustidgeax@techcrunch.com
1327741,Angelle Valti,avaltiay@miitbeian.gov.cn
1177519,Eveline Linggood,elinggoodaz@sourceforge.net
1349866,Janette Osselton,josseltonb0@t-online.de
1901770,Kelley Shuttell,kshuttellb1@msu.edu
1104346,Hugo Hallwell,hhallwellb2@slashdot.org
1889647,Felike Dumigan,fdumiganb3@npr.org
1726682,Rozalin Crawshay,rcrawshayb4@wordpress.com
1264065,Saunders Kirton,skirtonb5@latimes.com
1442895,Shermy Kalisz,skaliszb6@jalbum.net
1501661,Darill Goodier,dgoodierb7@barnesandnoble.com
1095300,Dall Brigginshaw,dbrigginshawb8@blog.com
1488285,Collen Bradforth,cbradforthb9@paypal.com
1031149,Karna Gloyens,kgloyensba@hostgator.com
1214123,Yance Mateev,ymateevbb@histats.com
1262420,Chip Cordery,ccorderybc@linkedin.com
1204379,Parnell Kerman,pkermanbd@amazon.com
1671904,Grethel Diego,gdiegobe@lulu.com
1028833,Killy Collings,kcollingsbf@paypal.com
1018297,Winnah Noades,wnoadesbg@goo.gl
1512476,Malinde Sant,msantbh@prweb.com
1941455,Hugibert Hanscom,hhanscombi@google.co.uk
1493274,Arluene Gravenall,agravenallbj@omniture.com
1797042,Killian Domerc,kdomercbk@xrea.com
1695144,Rubie Lapsley,rlapsleybl@sogou.com
1942221,Gretel McTiernan,gmctiernanbm@craigslist.org
1619732,Delmar Ingles,dinglesbn@vkontakte.ru
1630724,Archibaldo Buchanan,abuchananbo@edublogs.org
1661609,Maynord De Meis,mdebp@nasa.gov
1389684,Tom Salthouse,tsalthousebq@cnbc.com
1650603,Pansie Dalglish,pdalglishbr@sphinn.com
1209588,Merola Willoughby,mwilloughbybs@yellowpages.com
1239296,Juliette Muselli,jmusellibt@ocn.ne.jp
1235404,Danila Ciccarello,dciccarellobu@pbs.org
1245638,Reinhold Colten,rcoltenbv@unesco.org
1986479,Hewie Pestell,hpestellbw@ask.com
1181925,Jack Kindall,jkindallbx@ezinearticles.com
1421219,Zahara Andrez,zandrezby@weibo.com
1405797,Fee Risdale,frisdalebz@dedecms.com
1847961,Hugibert Arrandale,harrandalec0@live.com
1952677,Conway Lynch,clynchc1@youtu.be
1109467,Thibaud Antham,tanthamc2@amazon.de
1777805,Anet Innett,ainnettc3@google.com.hk
1051872,Beatrice Fitkin,bfitkinc4@blogger.com
1683460,Mohandas McGurk,mmcgurkc5@163.com
1031637,Kenna Martello,kmartelloc6@telegraph.co.uk
1890959,Jorie Tredget,jtredgetc7@umich.edu
1999141,Lorilyn Sooper,lsooperc8@ibm.com
1838125,Devan Rudman,drudmanc9@yahoo.com
1767257,Corabelle Tupman,ctupmanca@nationalgeographic.com
1972545,Gilemette Cassella,gcassellacb@google.pl
1456905,Sigismund Balfe,sbalfecc@studiopress.com
1828270,Gaylor Valsler,gvalslercd@soundcloud.com
1749839,Saba Kelsell,skelsellce@illinois.edu
1308392,Cosette Yarker,cyarkercf@time.com
1538037,Roger Foskett,rfoskettcg@yolasite.com
1249992,Jean Brilleman,jbrillemanch@merriam-webster.com
1529884,Kristin Connealy,kconnealyci@delicious.com
1620635,Miriam Lambshine,mlambshinecj@intel.com
1076936,Donal Shapland,dshaplandck@sun.com
1385207,Bernelle Levick,blevickcl@sakura.ne.jp
1686216,Anabel Kemm,akemmcm@facebook.com
1175126,Inness Stilgoe,istilgoecn@latimes.com
1973166,Larissa Giorgeschi,lgiorgeschico@people.com.cn
1417832,Corey Wildbore,cwildborecp@bizjournals.com
1321933,Torrence Shafier,tshafiercq@addtoany.com
1950222,Niels Haine,nhainecr@mozilla.org
1163470,Amandie Fitter,afittercs@nifty.com
1125303,Case Sandes,csandesct@cam.ac.uk
1202720,Norby Mitchley,nmitchleycu@amazon.co.uk
1420623,Elnora Matias,ematiascv@techcrunch.com
1057685,Leigh Lyver,llyvercw@apple.com
1504399,Loy Berndt,lberndtcx@patch.com
1378885,Vyky Pickering,vpickeringcy@behance.net
1671345,Homer Piesing,hpiesingcz@a8.net
1000093,Liv Poynser,lpoynserd0@so-net.ne.jp
1145495,Elsbeth Imlacke,eimlacked1@gov.uk
1239476,Miltie Vedntyev,mvedntyevd2@redcross.org
1005523,George Pybus,gpybusd3@mysql.com
1901322,Des Kisbee,dkisbeed4@bbb.org
1007377,Mabelle Meneo,mmeneod5@java.com
1642247,Augustin McAllister,amcallisterd6@biglobe.ne.jp
1303325,Fancie Clemetts,fclemettsd7@nbcnews.com
1676299,Hoebart Elland,hellandd8@google.ru
1471969,Kippy Sherwin,ksherwind9@nsw.gov.au
1947546,Roobbie Pinfold,rpinfoldda@surveymonkey.com
1020914,Kelby Corah,kcorahdb@spotify.com
1913566,Merell Beartup,mbeartupdc@vkontakte.ru
1733547,Ferguson Michiel,fmichieldd@google.es
1323701,Murdock Birkin,mbirkinde@sourceforge.net
1901872,Glennis Judgkins,gjudgkinsdf@youku.com
1445366,Ogdon Culpen,oculpendg@cam.ac.uk
1067691,Abramo Janota,ajanotadh@meetup.com
1425603,Meredithe Leser,mleserdi@redcross.org
1279169,Lottie Gammell,lgammelldj@wikia.com
1425872,Florian Maudsley,fmaudsleydk@ibm.com
1326693,Starlin Dane,sdanedl@shinystat.com
1099055,Suellen Dillingstone,sdillingstonedm@virginia.edu
1695170,Jeramie Bazire,jbaziredn@pen.io
1746390,Derry Pavel,dpaveldo@ycombinator.com
1615235,Adlai Aspinal,aaspinaldp@list-manage.com
1078302,Latrina Pentland,lpentlanddq@yolasite.com
1546338,Orelia Estabrook,oestabrookdr@rambler.ru
1014675,Elizabeth Tesh,eteshds@barnesandnoble.com
1419041,Wanda Arntzen,warntzendt@canalblog.com
1944522,Lambert Byart,lbyartdu@springer.com
1748479,Almire McPharlain,amcpharlaindv@dailymail.co.uk
1867796,Fields Bradtke,fbradtkedw@com.com
1508401,Georgiana Nurcombe,gnurcombedx@ebay.com
1339879,Meaghan Giampietro,mgiampietrody@google.com.hk
1520357,Minette Ollenbuttel,mollenbutteldz@google.cn
1183857,Oswell Antognozzii,oantognozziie0@irs.gov
1240901,Barrett Alliot,balliote1@fema.gov
1130473,Penelopa Grzegorzewicz,pgrzegorzewicze2@epa.gov
1374969,Fancie Wyness,fwynesse3@xing.com
1867087,Lyndsey Glandon,lglandone4@nationalgeographic.com
1342728,Derick Snape,dsnapee5@ow.ly
1046162,Brand Bahia,bbahiae6@lulu.com
1208032,Hedda O'Bradane,hobradanee7@google.nl
1450606,Blake Goby,bgobye8@uiuc.edu
1093400,Shannon Langshaw,slangshawe9@people.com.cn
1886642,Harvey Jacobovitz,hjacobovitzea@auda.org.au
1013777,Jacquetta Gower,jgowereb@huffingtonpost.com
1842803,Ladonna Gartsyde,lgartsydeec@weebly.com
1410762,Bartholomeo Shearn,bshearned@mashable.com
1941370,Rhodie MacCoughen,rmaccoughenee@netscape.com
1008303,Moria Lamshead,mlamsheadef@yahoo.co.jp
1870230,Tasha Squirrel,tsquirreleg@wisc.edu
1926421,Arlyn Bugbird,abugbirdeh@berkeley.edu
1609540,Lindon Shurville,lshurvilleei@cisco.com
1430656,Kipp Assiratti,kassirattiej@msn.com
1394937,Raina Clemett,rclemettek@dion.ne.jp
1713759,Esther Pyle,epyleel@simplemachines.org
1328076,Gregory Lewsy,glewsyem@cdbaby.com
1066007,Nikolaos Ladd,nladden@xinhuanet.com
1001804,Pail Normandale,pnormandaleeo@sciencedirect.com
1791936,Cristen Klulik,cklulikep@addtoany.com
1737817,Martie Cuniam,mcuniameq@quantcast.com
1622456,Meredeth Boutflour,mboutflourer@guardian.co.uk
1161762,Tammara Durnford,tdurnfordes@sogou.com
1651670,Micheline Entwistle,mentwistleet@liveinternet.ru
1657822,Donia Sails,dsailseu@abc.net.au
1128210,Cissiee Drinnan,cdrinnanev@infoseek.co.jp
1350590,Margaretha Grogono,mgrogonoew@ehow.com
1869880,Norean Sansom,nsansomex@skyrock.com
1577899,Crosby Adne,cadneey@nba.com
1947665,Kellsie Draycott,kdraycottez@ycombinator.com
1403441,Aldo Hek,ahekf0@amazon.co.uk
1483713,Sibelle Clist,sclistf1@simplemachines.org
1749252,Eilis Ginity,eginityf2@ucoz.ru
1458378,Rorie Abrams,rabramsf3@cdc.gov
1355523,Myrilla Olland,mollandf4@telegraph.co.uk
1868436,Ardath Mocker,amockerf5@usnews.com
1321221,Kevina Dewitt,kdewittf6@networksolutions.com
1295229,Andy Tustin,atustinf7@pcworld.com
1383071,Kerrill Wyse,kwysef8@blog.com
1449669,Westbrooke Mattisssen,wmattisssenf9@squidoo.com
1552338,Gayleen Cello,gcellofa@gmpg.org
1558260,Cirillo Teather,cteatherfb@addthis.com
1714307,Mozelle Ladel,mladelfc@furl.net
1676808,Hagan Donohoe,hdonohoefd@comsenz.com
1417620,Abran Watting,awattingfe@desdev.cn
1204908,Modestine Kembry,mkembryff@liveinternet.ru
1013938,Bertina Grady,bgradyfg@auda.org.au
1249013,Adriano Banasiak,abanasiakfh@sogou.com
1730888,Donny Branthwaite,dbranthwaitefi@github.com
1705372,Nealy Casolla,ncasollafj@pinterest.com
1019434,Marena Hindhaugh,mhindhaughfk@mysql.com
1068202,Teodora Morant,tmorantfl@ehow.com
1450210,Cyrus Gruszczak,cgruszczakfm@delicious.com
1692502,Vernor Kinlock,vkinlockfn@wp.com
1443256,Janessa Jakoubec,jjakoubecfo@etsy.com
1750839,Patience Barwick,pbarwickfp@biglobe.ne.jp
1902042,Sean Sutton,ssuttonfq@youku.com
1790882,Aron O'Nion,aonionfr@posterous.com
1307576,Ronnie Dilon,rdilonfs@patch.com
1135367,Sibeal Cunio,scunioft@unesco.org
1937897,Elinor Darragh,edarraghfu@berkeley.edu
1913760,Kaylyn Cabrer,kcabrerfv@vk.com
1890302,Sonnnie Rohloff,srohlofffw@yellowpages.com
1295738,Kimberlee Worthy,kworthyfx@cbc.ca
1678716,Hortense Ormistone,hormistonefy@businessinsider.com
1321517,Cosimo Stanlick,cstanlickfz@prnewswire.com
1117892,Allis Fullagar,afullagarg0@slashdot.org
1536087,Darren Torrent,dtorrentg1@dell.com
1473528,Chris Cochrane,ccochraneg2@time.com
1935726,Katharyn Suffield,ksuffieldg3@nasa.gov
1279900,Sheryl Stedell,sstedellg4@php.net
1303465,Helena Rodda,hroddag5@yellowpages.com
1459473,Jenny Lidgate,jlidgateg6@microsoft.com
1893820,Chad Carver,ccarverg7@gravatar.com
1757391,Abey Arpe,aarpeg8@ftc.gov
1360799,Roda Romanin,rromaning9@bloglovin.com
1466409,Darya Ensley,densleyga@quantcast.com
1614331,Philis Kydde,pkyddegb@blinklist.com
1475009,Betsy Featherstone,bfeatherstonegc@dagondesign.com
1509827,Rex Kupker,rkupkergd@chronoengine.com
1946901,Sollie Tweed,stweedge@amazon.de
1515403,Margo Tiller,mtillergf@shinystat.com
1816717,Ignaz Killner,ikillnergg@free.fr
1237179,Raimund Gelder,rgeldergh@ed.gov
1075434,Wendeline Ord,wordgi@privacy.gov.au
1017875,Ab Seers,aseersgj@geocities.com
1429533,Binnie Batho,bbathogk@intel.com
1083554,Forbes Landman,flandmangl@redcross.org
1540239,Sherwin Thowes,sthowesgm@yellowbook.com
1614885,Brandy Clay,bclaygn@tumblr.com
1538825,Annadiane Twentyman,atwentymango@google.pl
1900136,Hewie Canario,hcanariogp@biblegateway.com
1188020,Fidela Gallifont,fgallifontgq@pcworld.com
1510085,Kalina Roddie,kroddiegr@yellowbook.com
1304085,Christa Roadnight,croadnightgs@lycos.com
1546944,Hanna Serchwell,hserchwellgt@nps.gov
1607520,Nickey Ifill,nifillgu@slashdot.org
1099511,Blakelee Attenburrow,battenburrowgv@discuz.net
1771355,Carter Kermeen,ckermeengw@xing.com
1385262,Mireielle Cholerton,mcholertongx@mashable.com
1828545,Corri Haglington,chaglingtongy@ow.ly
1062900,Netti O'Cooney,nocooneygz@ft.com
1536816,Kass Nathon,knathonh0@apple.com
1310014,Heywood Letchmore,hletchmoreh1@privacy.gov.au
1255587,Agnola Harp,aharph2@youku.com
1158416,Nikki Rolles,nrollesh3@ask.com
1277520,Zaria Duggon,zduggonh4@stanford.edu
1443211,Junina Silvermann,jsilvermannh5@chron.com
1454212,Hadria Mosedill,hmosedillh6@rambler.ru
1313924,Harriett Kenewel,hkenewelh7@edublogs.org
1647142,Jilleen Kemery,jkemeryh8@telegraph.co.uk
1455452,Hedy Trosdall,htrosdallh9@nih.gov
1760010,Stacie Iuorio,siuorioha@usgs.gov
1551066,Brodie Bignall,bbignallhb@addthis.com
1108170,Ray O'Scandall,roscandallhc@wp.com
1009767,Clem Ruppertz,cruppertzhd@list-manage.com
1878864,Kora Preto,kpretohe@ucsd.edu
1014843,Raquel Buffy,rbuffyhf@cisco.com
1705982,Spense Bortolussi,sbortolussihg@salon.com
1929147,Aloin Willcock,awillcockhh@netscape.com
1136911,Thoma Greggor,tgreggorhi@army.mil
1802572,Colby Bristo,cbristohj@lycos.com
1780099,Camey McAuslan,cmcauslanhk@irs.gov
1658814,Sibyl Kightly,skightlyhl@deviantart.com
1640200,Avis Stranger,astrangerhm@tinypic.com
1522196,Iona Kelwaybamber,ikelwaybamberhn@printfriendly.com
1789987,Norina Martusov,nmartusovho@sogou.com
1029547,Chiquia Eliff,celiffhp@dot.gov
1873678,Eliot Simmance,esimmancehq@merriam-webster.com
1745096,Neil Zuppa,nzuppahr@nba.com
1015089,Elsi Hazell,ehazellhs@wunderground.com
1312856,Alicea Godfray,agodfrayht@hatena.ne.jp
1362247,Doyle Wackett,dwacketthu@ow.ly
1212245,Bel Keepe,bkeepehv@linkedin.com
1376629,Hildagard Kalinsky,hkalinskyhw@delicious.com
1401617,Sharona McKea,smckeahx@earthlink.net
1169981,Rurik Scutts,rscuttshy@gov.uk
1216802,Ikey Powter,ipowterhz@soup.io
1201869,Chip Marple,cmarplei0@wordpress.com
1194198,Jacintha Pentland,jpentlandi1@networksolutions.com
1141772,Traver Klemz,tklemzi2@stanford.edu
1775956,Hilliary Baldry,hbaldryi3@chicagotribune.com
1363676,Remington Pulham,rpulhami4@wix.com
1979939,Michael Gambles,mgamblesi5@ameblo.jp
1846459,Zachariah Dwire,zdwirei6@nyu.edu
1277792,Ellswerth Swindlehurst,eswindlehursti7@ustream.tv
1698565,Olva Morcombe,omorcombei8@wired.com
1427102,Fabian Heath,fheathi9@gizmodo.com
1040326,Sigvard Hugonin,shugoninia@reference.com
1012211,Rickie Stroud,rstroudib@bbc.co.uk
1033866,Audy Beningfield,abeningfieldic@zimbio.com
1199133,Joey Frigot,jfrigotid@opera.com
1772324,Vanna Goldfinch,vgoldfinchie@jiathis.com
1598908,Gwendolin Huton,ghutonif@bing.com
1378409,Dene Probbing,dprobbingig@unc.edu
1179537,Jeramie Agneau,jagneauih@list-manage.com
1433473,Iggy Biggen,ibiggenii@rakuten.co.jp
1661787,Don Piggins,dpigginsij@live.com
1922554,Clywd Halbard,chalbardik@devhub.com
1532682,Calla Rupp,cruppil@g.co
1382737,Laetitia Scibsey,lscibseyim@squidoo.com
1223979,Sande Dymock,sdymockin@shop-pro.jp
1807565,Chiarra Ovesen,covesenio@intel.com
1766979,Cornela Devers,cdeversip@cisco.com
1059832,Ric Benoit,rbenoitiq@buzzfeed.com
1082484,Malinda Diloway,mdilowayir@usa.gov
1597237,Conan Gerhardt,cgerhardtis@columbia.edu
1179615,Laurena Demke,ldemkeit@paginegialle.it
1781695,Lucas Lindstedt,llindstedtiu@themeforest.net
1656892,Arlyne Giroldo,agiroldoiv@cbslocal.com
1469412,Lise McCurrie,lmccurrieiw@ucla.edu
1004208,Sebastiano Corsan,scorsanix@omniture.com
1610648,Julio Totaro,jtotaroiy@1688.com
1083650,Terencio Kapelhof,tkapelhofiz@nifty.com
1544518,Neysa Spitell,nspitellj0@wordpress.com
1704414,Miof mela Sterricker,mmelaj1@tripadvisor.com
1443382,Leyla Berrigan,lberriganj2@chicagotribune.com
1951526,Louise Blowfield,lblowfieldj3@deviantart.com
1729235,Ange Conen,aconenj4@cnbc.com
1717439,Neile Orniz,nornizj5@illinois.edu
1863816,Bud Burhill,bburhillj6@netlog.com
1817062,Gelya D'Emanuele,gdemanuelej7@purevolume.com
1915778,Philippa Triebner,ptriebnerj8@wikia.com
1812870,Gertruda Harcarse,gharcarsej9@acquirethisname.com
1095542,Marielle Elsegood,melsegoodja@com.com
1727306,Laurens Mignot,lmignotjb@columbia.edu
1952368,Theodosia Shaudfurth,tshaudfurthjc@uol.com.br
1689184,Danette Banner,dbannerjd@scientificamerican.com
1051516,Laureen Iddiens,liddiensje@gov.uk
1968516,Celestine Dummer,cdummerjf@buzzfeed.com
1611779,Cecilia Norres,cnorresjg@chronoengine.com
1668903,Huntley Carnduff,hcarnduffjh@google.es
1109323,Teddie Liccardi,tliccardiji@fema.gov
1395952,Candie Penritt,cpenrittjj@home.pl
1415412,Mile Brilleman,mbrillemanjk@marketwatch.com
1002153,Jakob Laidel,jlaideljl@hexun.com
1579082,Rube MacNucator,rmacnucatorjm@taobao.com
1179799,Antons MacRanald,amacranaldjn@fema.gov
1826889,Randie Gianetti,rgianettijo@unc.edu
1435901,Max Tours,mtoursjp@linkedin.com
1302433,Gussi Baitson,gbaitsonjq@engadget.com
1588201,Theobald Wigin,twiginjr@elegantthemes.com
1859975,Dorothea Folomin,dfolominjs@nhs.uk
1966716,Corey Balog,cbalogjt@smugmug.com
1813243,Chad Dallemore,cdallemoreju@latimes.com
1856754,Torrey Jehaes,tjehaesjv@csmonitor.com
1849456,Bondy Youson,byousonjw@yellowbook.com
1986092,Lottie Urry,lurryjx@wordpress.org
1471113,Serena Birnie,sbirniejy@japanpost.jp
1600547,Georgeanna Lindup,glindupjz@canalblog.com
1263228,Reginald Melson,rmelsonk0@apache.org
1463573,Pooh Restorick,prestorickk1@uiuc.edu
1440696,Puff Adamovich,padamovichk2@wikipedia.org
1724395,Frederigo Braidford,fbraidfordk3@themeforest.net
1314188,Chanda Hulburt,chulburtk4@mayoclinic.com
1252648,Penny Coster,pcosterk5@google.co.jp
1234992,Eda Davidofski,edavidofskik6@dailymotion.com
1227714,Markus Caldairou,mcaldairouk7@facebook.com
1467353,Freddie Hancorn,fhancornk8@guardian.co.uk
1520750,Elaina Stockbridge,estockbridgek9@studiopress.com
1897748,Chalmers Carden,ccardenka@dion.ne.jp
1691443,Elianora Pusill,epusillkb@freewebs.com
1886372,Theo Snodin,tsnodinkc@kickstarter.com
1435257,Blanch Lievesley,blievesleykd@nymag.com
1861695,Yorgos Floyed,yfloyedke@salon.com
1574671,Englebert Lorryman,elorrymankf@bloglines.com
1983995,Shaine Gobat,sgobatkg@163.com
1311539,Phillip McBlain,pmcblainkh@engadget.com
1243107,Marleah Cristofalo,mcristofaloki@spiegel.de
1779204,Meghann Mackin,mmackinkj@trellian.com
1545435,Shermy Probyn,sprobynkk@mapy.cz
1116209,Antonietta Ruppertz,aruppertzkl@nhs.uk
1394821,Tabbie Vincent,tvincentkm@technorati.com
1150254,Jory Girvan,jgirvankn@bravesites.com
1410954,Nichole Huton,nhutonko@google.ru
1568996,Mike Scholfield,mscholfieldkp@cargocollective.com
1889097,Daren Heggs,dheggskq@tamu.edu
1602730,Herschel Bearns,hbearnskr@telegraph.co.uk
1387734,Wynny Snape,wsnapeks@tripadvisor.com
1346111,Kyle Acheson,kachesonkt@ameblo.jp
1039386,Otho Collens,ocollensku@blogspot.com
1887180,Zitella Abbitt,zabbittkv@hatena.ne.jp
1166420,Amata Harkness,aharknesskw@paginegialle.it
1509026,Danny Wildblood,dwildbloodkx@skyrock.com
1004523,Say Mackrill,smackrillky@paginegialle.it
1518570,Mitchael Grigoriscu,mgrigoriscukz@flickr.com
1241260,Jeniece Kilfether,jkilfetherl0@telegraph.co.uk
1064610,Cyb Hansill,chansilll1@1und1.de
1744536,Francoise Hedworth,fhedworthl2@uiuc.edu
1376821,Fairlie Autrie,fautriel3@cdbaby.com
1581608,Salvatore Berni,sbernil4@accuweather.com
1633586,Grady Martinelli,gmartinellil5@nyu.edu
1130981,Lynnet Wilsone,lwilsonel6@home.pl
1156508,Hyacinthia Ryrie,hryriel7@marriott.com
1985706,Rooney Siggery,rsiggeryl8@aol.com
1057727,Buck Blunkett,bblunkettl9@phpbb.com
1575495,Terese Commings,tcommingsla@jiathis.com
1259386,Torrie Rostron,trostronlb@cnet.com
1821539,Korney McIlwaine,kmcilwainelc@wiley.com
1133528,Trina Fleay,tfleayld@cargocollective.com
1723588,Kellyann Caldwell,kcaldwellle@adobe.com
1325496,Gabey Ravillas,gravillaslf@example.com
1112922,Rasia Cullivan,rcullivanlg@naver.com
1391903,Amabel Screen,ascreenlh@prweb.com
1904255,Kit Stonestreet,kstonestreetli@va.gov
1952980,Rossie Selby,rselbylj@bloglines.com
1528034,Orren Richardot,orichardotlk@about.me
1561039,Codi Eate,ceatell@bing.com
1247635,Orbadiah Fresson,ofressonlm@java.com
1455448,Taddeusz Douche,tdoucheln@cpanel.net
1293408,Violet Lorrie,vlorrielo@constantcontact.com
1754199,Hercule Brade,hbradelp@walmart.com
1136054,Mirilla Fencott,mfencottlq@posterous.com
1140504,Rick Paffitt,rpaffittlr@dyndns.org
1456929,Roselia Standfield,rstandfieldls@prnewswire.com
1880300,Datha Figliovanni,dfigliovannilt@sun.com
1178708,Walliw McCaghan,wmccaghanlu@aboutads.info
1169605,Ludovico Dorrington,ldorringtonlv@mashable.com
1049195,Justinn Elgram,jelgramlw@un.org
1491515,Frederica Auguste,faugustelx@netscape.com
1388058,Kylila Advani,kadvanily@irs.gov
1507197,Cissiee Chrismas,cchrismaslz@360.cn
1680906,Hyacinth Hunnicutt,hhunnicuttm0@pinterest.com
1251918,Patrizia Grishin,pgrishinm1@engadget.com
1044988,Emili Asbery,easberym2@ezinearticles.com
1542856,Genny Fyfield,gfyfieldm3@newsvine.com
1951337,Alice O'Currigan,aocurriganm4@geocities.jp
1887284,Hilly Funnell,hfunnellm5@diigo.com
1152744,Starlene Rafferty,sraffertym6@reuters.com
1494418,Olivie Limbert,olimbertm7@privacy.gov.au
1721534,Elfrida Prout,eproutm8@ucsd.edu
1030254,Alaine Splevins,asplevinsm9@mashable.com
1283906,Milton Lomasney,mlomasneyma@tinypic.com
1363170,Gelya Fairholme,gfairholmemb@alexa.com
1797474,Bruis Perkins,bperkinsmc@soundcloud.com
1406583,Even Daintry,edaintrymd@eventbrite.com
1946474,Jody Coggings,jcoggingsme@wikispaces.com
1000679,Douglass Aldrin,daldrinmf@theguardian.com
1372384,Foster Tolman,ftolmanmg@accuweather.com
1743798,Penn Yegorev,pyegorevmh@amazon.co.uk
1877289,Swen Sambath,ssambathmi@taobao.com
1111199,Dallas Yetts,dyettsmj@ow.ly
1166731,Linnea Grimsdike,lgrimsdikemk@deliciousdays.com
1456928,Dorelia Malacrida,dmalacridaml@blogtalkradio.com
1072374,Dell Toe,dtoemm@sfgate.com
1275850,Kitty Botte,kbottemn@webs.com
1368773,Jedidiah Atterbury,jatterburymo@mtv.com
1438974,Alejandra Paunton,apauntonmp@nydailynews.com
1015988,Hatti Jeannet,hjeannetmq@ucoz.com
1480776,Matteo Bourgaize,mbourgaizemr@chronoengine.com
1307321,Leigha Moehle,lmoehlems@samsung.com
1477677,Irvine Pusill,ipusillmt@unicef.org
1555461,Sula Wyson,swysonmu@ycombinator.com
1459548,Eveline Faustian,efaustianmv@mashable.com
1693081,Merrili Newbury,mnewburymw@ucsd.edu
1272087,Simmonds Mathivon,smathivonmx@domainmarket.com
1009509,Patricio Purvess,ppurvessmy@sciencedaily.com
1997381,Zarla Kincla,zkinclamz@fema.gov
1034847,Cecelia Rickis,crickisn0@so-net.ne.jp
1500252,Gunilla Loughead,glougheadn1@ftc.gov
1967675,Tobe Dannehl,tdannehln2@loc.gov
1367301,Zaccaria Blase,zblasen3@cafepress.com
1657506,Desi Buyers,dbuyersn4@reuters.com
1430598,Sisile Swayland,sswaylandn5@whitehouse.gov
1869025,Abeu O' Dooley,aon6@newyorker.com
1572471,Con Shipp,cshippn7@issuu.com
1249144,Antone Bentote,abentoten8@engadget.com
1348516,Guillemette Oag,goagn9@google.fr
1048410,Pattie Strang,pstrangna@wunderground.com
1361203,Alfredo Stratiff,astratiffnb@1688.com
1123545,Eldin Francois,efrancoisnc@unblog.fr
1883158,Demetra Rozycki,drozyckind@ucoz.ru
1403054,Myrwyn Heppner,mheppnerne@weibo.com
1064462,Pancho Ashfull,pashfullnf@printfriendly.com
1030587,Joey Redmore,jredmoreng@seattletimes.com
1191105,Richy Berecloth,rbereclothnh@theguardian.com
1929784,Roseanne Wrought,rwroughtni@newyorker.com
1161012,Ernie Ruslen,eruslennj@twitter.com
1379465,Charlot Mollindinia,cmollindiniank@salon.com
1863319,Elsy Cummungs,ecummungsnl@de.vu
1390930,Opaline Suscens,osuscensnm@imageshack.us
1154622,Abram Lorenzetti,alorenzettinn@diigo.com
1101210,Estel Habbin,ehabbinno@acquirethisname.com
1131707,Curtice Godwin,cgodwinnp@twitpic.com
1823458,Alfie Stranahan,astranahannq@csmonitor.com
1170553,Reinaldos Floodgate,rfloodgatenr@artisteer.com
1518910,Gabbie Ubsdale,gubsdalens@php.net
1921578,Stephie Speck,sspecknt@webmd.com
1242239,Cordie Westrip,cwestripnu@parallels.com
1935782,Isaac Midden,imiddennv@wisc.edu
1778197,Levon Kytter,lkytternw@state.tx.us
1196321,Francesco Gartrell,fgartrellnx@google.fr
1590267,Felipe Gilvary,fgilvaryny@tinyurl.com
1381034,Waldemar Franies,wfraniesnz@redcross.org
1678343,Sandy Brigstock,sbrigstocko0@lulu.com
1370838,Clerissa Pottle,cpottleo1@parallels.com
1825845,Amargo Gainsford,againsfordo2@mediafire.com
1351081,Suzie Raithbie,sraithbieo3@japanpost.jp
1743721,Molly Quiddinton,mquiddintono4@tripadvisor.com
1307804,Lissie Offord,loffordo5@wikia.com
1117591,Diane Minchinton,dminchintono6@ask.com
1871619,Shaw Lanfranconi,slanfranconio7@joomla.org
1451884,Eli Worswick,eworswicko8@ameblo.jp
1195507,Linnea Lanfer,llanfero9@yellowbook.com
1937706,Neale McMorland,nmcmorlandoa@etsy.com
1281640,Carola Battlestone,cbattlestoneob@ucla.edu
1619233,Alvinia Lanigan,alaniganoc@aol.com
1118793,Avrit Vardey,avardeyod@angelfire.com
1963774,Sybila Jessup,sjessupoe@fc2.com
1113090,Carla Lashbrook,clashbrookof@privacy.gov.au
1121673,Teodorico Bustin,tbustinog@prnewswire.com
1798862,Larisa Sokill,lsokilloh@cnn.com
1672175,Codie Lande,clandeoi@sfgate.com
1644795,Linet Hellmer,lhellmeroj@msu.edu
1558637,Berta Kimbly,bkimblyok@oakley.com
1806340,Johnette Surgey,jsurgeyol@msu.edu
1395814,Omar Stendell,ostendellom@census.gov
1265375,Marti Mackilpatrick,mmackilpatrickon@yellowpages.com
1247620,Jeffry Landreth,jlandrethoo@liveinternet.ru
1188683,Elia Bucktharp,ebucktharpop@canalblog.com
1216114,Rowney Vogt,rvogtoq@mozilla.com
1263909,Barnebas Jeanneau,bjeanneauor@google.it
1390175,Victoria Cowie,vcowieos@scientificamerican.com
1959273,Felecia Stonier,fstonierot@cloudflare.com
1321673,Feodora Link,flinkou@yellowpages.com
1000319,Haslett Mathou,hmathouov@imageshack.us
1508023,Kip Marran,kmarranow@toplist.cz
1200484,Marcelle Thorogood,mthorogoodox@dmoz.org
1608513,Tailor Bottrill,tbottrilloy@mayoclinic.com
1251793,Carver Clover,ccloveroz@nymag.com
1442750,Randie Jocic,rjocicp0@dailymotion.com
1234820,Sebastiano Helliker,shellikerp1@123-reg.co.uk
1312692,Rahal Harrinson,rharrinsonp2@php.net
1656653,Claus Sides,csidesp3@seattletimes.com
1605206,Lonnie Jansema,ljansemap4@oakley.com
1742723,Anstice Mockler,amocklerp5@bandcamp.com
1543586,Sarine Ketton,skettonp6@globo.com
1960640,Eldin Scholar,escholarp7@thetimes.co.uk
1072508,Ibby Anthiftle,ianthiftlep8@homestead.com
1539407,Donelle Charke,dcharkep9@ebay.com
1954667,Clark Peachment,cpeachmentpa@earthlink.net
1228087,Gram Phant,gphantpb@surveymonkey.com
1176150,Melba Pie,mpiepc@uiuc.edu
1475386,Darsey Richarson,dricharsonpd@plala.or.jp
1377171,Dukie Kintish,dkintishpe@economist.com
1264600,Brendon Wakenshaw,bwakenshawpf@yellowpages.com
1889172,Lissie Futty,lfuttypg@economist.com
1646319,Nixie Sarney,nsarneyph@hao123.com
1892738,Clementine Esherwood,cesherwoodpi@nba.com
1661431,Rip Bakey,rbakeypj@facebook.com
1729632,Yuri Maplesden,ymaplesdenpk@goo.gl
1371996,Christin Berks,cberkspl@columbia.edu
1005986,Milena Rumgay,mrumgaypm@phpbb.com
1629363,Darcy Morrallee,dmorralleepn@gnu.org
1510854,Allx Cave,acavepo@disqus.com
1095720,Marcellina Lamprecht,mlamprechtpp@statcounter.com
1697079,Tracey Tees,tteespq@pagesperso-orange.fr
1120398,Gonzales Smallbone,gsmallbonepr@usda.gov
1222483,Torre Swalteridge,tswalteridgeps@aol.com
1669475,Dotti Birdsey,dbirdseypt@ed.gov
1558342,Abel Fieldstone,afieldstonepu@spotify.com
1882851,Darlene Baine,dbainepv@nbcnews.com
1941905,Ellie Servante,eservantepw@slate.com
1464266,Sheilah Shurrock,sshurrockpx@ibm.com
1905517,Tonnie Arnauduc,tarnauducpy@canalblog.com
1563669,Roberta Lavalle,rlavallepz@unblog.fr
1832115,Malena Ourry,mourryq0@imgur.com
1799819,Kahaleel Tapsell,ktapsellq1@bandcamp.com
1843424,Romola Tatum,rtatumq2@hostgator.com
1529061,Tades Macveigh,tmacveighq3@theatlantic.com
1365766,Cathleen Stonham,cstonhamq4@gmpg.org
1406236,Lowe Peschet,lpeschetq5@google.co.uk
1718022,Son Fenby,sfenbyq6@jimdo.com
1826634,Darn Rowbottam,drowbottamq7@howstuffworks.com
1231929,Domenico Aronov,daronovq8@state.gov
1894029,Vincenz Mewburn,vmewburnq9@techcrunch.com
1031000,Isidro Rounding,iroundingqa@adobe.com
1596153,Tricia Waker,twakerqb@gov.uk
1811201,Flinn Driver,fdriverqc@shutterfly.com
1531539,Kelcey Iannello,kiannelloqd@buzzfeed.com
1249539,Alphard Labroue,alabroueqe@state.tx.us
1845315,Dagny Mather,dmatherqf@cnet.com
1911391,Keen Adamiec,kadamiecqg@rediff.com
1686362,Mabelle Fosken,mfoskenqh@jugem.jp
1331306,Christian Lindell,clindellqi@mac.com
1139007,Artemas Rowson,arowsonqj@mozilla.org
1491439,Alfons Addey,aaddeyqk@washington.edu
1688232,Tallou Cinelli,tcinelliql@e-recht24.de
1566450,Sandie Fudger,sfudgerqm@seattletimes.com
1583185,Julita Hospital,jhospitalqn@typepad.com
1767975,Earl Stackbridge,estackbridgeqo@lulu.com
1534009,Bernie Grellis,bgrellisqp@squarespace.com
1844376,Venita Letch,vletchqq@godaddy.com
1068254,Rich Espley,respleyqr@nymag.com
1015612,Ashli Fortnon,afortnonqs@nyu.edu
1923800,Haily Tyas,htyasqt@angelfire.com
1130207,Bentlee O'Tierney,botierneyqu@so-net.ne.jp
1239445,Kinsley Porteous,kporteousqv@booking.com
1507517,Immanuel MacBean,imacbeanqw@latimes.com
1725196,Gannon Joe,gjoeqx@yahoo.co.jp
1885831,Nikolai Souness,nsounessqy@nih.gov
1474347,Thia Kleiner,tkleinerqz@cloudflare.com
1609264,Donnie Grundle,dgrundler0@quantcast.com
1568174,Con Curnock,ccurnockr1@alibaba.com
1452168,Matthus Small,msmallr2@gnu.org
1077548,Marthe Wiltshier,mwiltshierr3@time.com
1344337,Carling Simione,csimioner4@baidu.com
1149591,Bride Corbitt,bcorbittr5@state.gov
1392349,Andy Nutt,anuttr6@amazon.de
1442845,Harli Jerosch,hjeroschr7@opera.com
1278032,Guthrie Le Barr,gler8@blogspot.com
1705246,Kathi Lyles,klylesr9@ifeng.com
1919248,Alma Tarney,atarneyra@upenn.edu
1466309,Roderich Clubley,rclubleyrb@walmart.com
1660947,Lynnelle Wenn,lwennrc@paypal.com
1834685,Clovis Schiell,cschiellrd@sun.com
1805608,Melvin Feasey,mfeaseyre@hc360.com
1976438,Melantha Askey,maskeyrf@blinklist.com
1330494,Amelina Holtham,aholthamrg@ning.com
1738125,Lacy Cohane,lcohanerh@yandex.ru
1136357,Ranee Hackford,rhackfordri@senate.gov
1539637,Donnajean Skitterel,dskitterelrj@digg.com
1580866,Vonni Abadam,vabadamrk@fema.gov
1994386,Mariejeanne Stendall,mstendallrl@yahoo.com
1147818,Joey Swigger,jswiggerrm@dedecms.com
1842353,Maxwell Poxton,mpoxtonrn@scientificamerican.com
1167639,Giuditta Lavin,glavinro@163.com
1652819,Esra Marieton,emarietonrp@europa.eu
1549700,Eldon Lewtey,elewteyrq@ucoz.ru
1523100,Aryn Spinige,aspinigerr@ocn.ne.jp
